"Variable","N","Mean","SD","Min","Max"
"Total Fatalities",1350,852.897037037037,855.965534822323,62,5504
"HR Fatalities",1350,32.4570370370369,56.0691422155085,0,437
"Non-HR Fatalities",1350,820.439999999999,804.499350111069,58,5130
"Log HR Fatalities",1350,2.70572847853361,1.26171377898452,0,6.08221891037645
"Log Non-HR Fatalities",1350,6.28664201396424,0.96989409872902,4.07753744390572,8.54305585094196
"Treated",1350,0.365925925925926,0.481867346685549,0,1
