treated,n_obs,mean_hr,mean_nhr,mean_ln_hr,mean_ln_nhr
0,856,29.54322429906542,805.66235,2.7258658,6.3070068
1,494,37.50607287449392,846.04657,2.6708345,6.2513537
